query,clicks,impressions,ctr,position
"""whatsapp message formatter"" online tool",0,19,0,5
contact form 7 whatsapp,0,20,0,66.4
contact maker,0,1,0,78
how does whatsapp business api work?,0,1,0,11
meta api pricing,0,1,0,37
meta whatsapp business api pricing brazil,0,1,0,8
precio api whatsapp business,0,1,0,44
qr code generator for whatsapp,0,1,0,99
twilio whatsapp business api evaluation review features pricing 2025 2026,0,1,0,17
what is whatsapp api,0,4,0,88.75
whatsapp api full form,0,1,0,100
whatsapp api meaning,0,1,0,75
whatsapp api payment,0,1,0,94
whatsapp api preise,0,2,0,76.5
whatsapp api price in india,0,1,0,72
whatsapp api pricing,0,12,0,61.333333333333336
whatsapp api pricing south africa,0,2,0,49.5
whatsapp business api,0,19,0,63.78947368421053
whatsapp business api charges,0,10,0,63
whatsapp business api get messages,0,6,0,54.333333333333336
whatsapp business api notifications,0,27,0,50.666666666666664
whatsapp business api price,0,1,0,81
whatsapp business api pricing,0,9,0,73.22222222222223
whatsapp business api pricing 2026,0,1,0,85
whatsapp business api pricing brazil 2025 official vs unofficial,0,1,0,4
whatsapp business api pricing brazil 2026,0,2,0,8.5
whatsapp business api pricing chile 2026,0,3,0,8.666666666666668
whatsapp business api pricing in malaysia,0,1,0,91
whatsapp business api pricing india 2026,0,1,0,92
whatsapp business api pricing malaysia,0,3,0,46.666666666666664
whatsapp business api pricing saudi arabia 2026,0,2,0,7
whatsapp business api pricing update 2026,0,1,0,1
whatsapp business api receive message,0,1,0,41
whatsapp business api status,0,5,0,43
whatsapp business bio character limit,0,1,0,11
whatsapp cloud api pricing brazil 2026,0,1,0,7
whatsapp code free,0,1,0,81
whatsapp developer api pricing,0,1,0,63
whatsapp formatter,0,2,0,55.5
whatsapp official api pricing,0,1,0,62
whatsapp payments mexico availability and fees 2026,0,3,0,9
whatsapp qr code download,0,1,0,79
whatsapp qr code generator,0,1,0,83
whatsapp qr generator,0,2,0,79
whatsapp text formatter,0,6,0,50.166666666666664
whatsapp+qr+code+generator,0,1,0,75
ws forms whatsapp,0,9,0,75.66666666666667
